post_id,posted_at,likes,comments,saves,reach,impressions,followers_at_post,hashtags
post_001,2025-01-01 19:32,150,15,8,3200,3800,5000,#insta #photography #sunset #goldenhour
post_002,2025-01-02 12:05,85,12,6,2800,3500,4800,#food #lunch #delicious #restaurant
post_003,2025-01-03 15:20,180,18,12,3000,3600,5200,#travel #adventure #wanderlust #explore
post_004,2025-01-04 09:15,45,3,2,2500,3000,4500,#fitness #workout #health #morning
post_005,2025-01-05 21:45,200,25,15,3500,4200,5500,#party #night #fun #weekend
post_006,2025-01-06 14:30,120,8,6,2900,3600,5000,#coffee #morning #relax #cafe
post_007,2025-01-07 18:00,95,10,7,3100,3800,5100,#dinner #family #love #homecooking
post_008,2025-01-08 11:20,75,6,4,2700,3300,4700,#shopping #fashion #style #ootd
post_009,2025-01-09 16:45,160,20,10,3300,4000,5300,#art #creative #inspiration #design
post_010,2025-01-10 20:15,140,15,9,3200,3900,5400,#music #concert #live #entertainment
post_011,2025-01-11 13:10,110,12,8,2800,3500,4900,#nature #outdoor #peaceful #hiking
post_012,2025-01-12 17:30,130,14,10,3000,3700,5100,#work #office #productivity #business
post_013,2025-01-13 10:45,90,8,5,2600,3200,4600,#breakfast #healthy #start #nutrition
post_014,2025-01-14 19:00,170,22,12,3400,4100,5400,#movie #entertainment #weekend #cinema
post_015,2025-01-15 15:55,155,18,11,3200,3900,5200,#sports #football #team #athlete
post_016,2025-01-16 08:30,35,2,1,2400,2900,4400,#morning #routine #energy #motivation
post_017,2025-01-17 22:10,190,28,15,3600,4300,5600,#nightlife #dancing #fun #club
post_018,2025-01-18 12:45,100,10,6,2700,3400,4800,#lunch #business #meeting #networking
post_019,2025-01-19 16:20,70,7,5,2900,3600,5000,#afternoon #tea #relax #cozy
post_020,2025-01-20 19:35,185,25,14,3400,4100,5500,#evening #sunset #beautiful #goldenhour
post_021,2025-01-21 11:15,125,15,8,2900,3600,5000,#brunch #weekend #friends #social
post_022,2025-01-22 14:40,60,5,3,2500,3100,4600,#coffee #work #focus #productivity
post_023,2025-01-23 18:25,165,20,12,3200,3900,5300,#dinner #date #romantic #couple
post_024,2025-01-24 09:50,80,6,4,2700,3300,4700,#morning #exercise #health #fitness
post_025,2025-01-25 21:00,210,30,18,3700,4400,5700,#night #party #celebration #birthday
post_026,2025-01-26 13:30,105,12,7,2600,3200,4900,#lunch #family #together #weekend
post_027,2025-01-27 17:15,135,16,9,3000,3700,5100,#afternoon #shopping #fashion #retail
post_028,2025-01-28 20:45,95,10,6,3100,3800,5200,#evening #movie #entertainment #cinema
post_029,2025-01-29 10:20,115,12,7,2800,3500,4800,#morning #coffee #start #cafe
post_030,2025-01-30 15:10,125,14,8,2700,3400,5000,#afternoon #reading #quiet #book
post_031,2025-02-01 19:45,175,22,11,3300,4000,5400,#insta #photography #sunset #goldenhour
post_032,2025-02-02 12:30,90,10,6,2800,3500,4800,#food #lunch #delicious #restaurant
post_033,2025-02-03 15:45,195,24,14,3100,3800,5300,#travel #adventure #wanderlust #explore
post_034,2025-02-04 09:30,50,4,3,2500,3000,4500,#fitness #workout #health #morning
post_035,2025-02-05 21:30,220,32,20,3800,4500,5800,#party #night #fun #weekend
post_036,2025-02-06 14:15,130,10,7,2900,3600,5000,#coffee #morning #relax #cafe
post_037,2025-02-07 18:15,105,12,8,3100,3800,5100,#dinner #family #love #homecooking
post_038,2025-02-08 11:45,85,8,5,2700,3300,4700,#shopping #fashion #style #ootd
post_039,2025-02-09 16:30,170,22,12,3300,4000,5300,#art #creative #inspiration #design
post_040,2025-02-10 20:30,150,18,10,3200,3900,5400,#music #concert #live #entertainment
post_041,2025-02-11 13:45,120,14,9,2800,3500,4900,#nature #outdoor #peaceful #hiking
post_042,2025-02-12 17:45,140,16,11,3000,3700,5100,#work #office #productivity #business
post_043,2025-02-13 10:30,100,10,6,2600,3200,4600,#breakfast #healthy #start #nutrition
post_044,2025-02-14 19:15,180,25,13,3400,4100,5400,#movie #entertainment #weekend #cinema
post_045,2025-02-15 15:30,165,20,12,3200,3900,5200,#sports #football #team #athlete
post_046,2025-02-16 08:45,40,3,2,2400,2900,4400,#morning #routine #energy #motivation
post_047,2025-02-17 22:30,200,30,16,3600,4300,5600,#nightlife #dancing #fun #club
post_048,2025-02-18 12:15,110,12,7,2700,3400,4800,#lunch #business #meeting #networking
post_049,2025-02-19 16:45,80,8,6,2900,3600,5000,#afternoon #tea #relax #cozy
post_050,2025-02-20 19:50,195,28,15,3400,4100,5500,#evening #sunset #beautiful #goldenhour
post_051,2025-02-21 11:30,135,17,9,2900,3600,5000,#brunch #weekend #friends #social
post_052,2025-02-22 14:20,70,6,4,2500,3100,4600,#coffee #work #focus #productivity
post_053,2025-02-23 18:45,175,22,13,3200,3900,5300,#dinner #date #romantic #couple
post_054,2025-02-24 09:35,90,7,5,2700,3300,4700,#morning #exercise #health #fitness
post_055,2025-02-25 21:15,230,35,22,3800,4500,5800,#night #party #celebration #birthday
post_056,2025-02-26 13:45,115,14,8,2600,3200,4900,#lunch #family #together #weekend
post_057,2025-02-27 17:30,145,18,10,3000,3700,5100,#afternoon #shopping #fashion #retail
post_058,2025-02-28 20:15,105,12,7,3100,3800,5200,#evening #movie #entertainment #cinema
post_059,2025-03-01 10:45,125,14,8,2800,3500,4800,#morning #coffee #start #cafe
post_060,2025-03-02 15:20,135,16,9,2700,3400,5000,#afternoon #reading #quiet #book
post_061,2025-03-03 19:20,185,25,13,3300,4000,5400,#insta #photography #sunset #goldenhour
post_062,2025-03-04 12:50,95,11,7,2800,3500,4800,#food #lunch #delicious #restaurant
post_063,2025-03-05 16:00,205,26,15,3100,3800,5300,#travel #adventure #wanderlust #explore
post_064,2025-03-06 09:00,55,5,3,2500,3000,4500,#fitness #workout #health #morning
post_065,2025-03-07 21:45,240,38,25,3900,4600,5900,#party #night #fun #weekend
post_066,2025-03-08 14:00,140,12,8,2900,3600,5000,#coffee #morning #relax #cafe
post_067,2025-03-09 18:30,115,14,9,3100,3800,5100,#dinner #family #love #homecooking
post_068,2025-03-10 11:00,95,9,6,2700,3300,4700,#shopping #fashion #style #ootd
post_069,2025-03-11 16:15,180,24,13,3300,4000,5300,#art #creative #inspiration #design
post_070,2025-03-12 20:45,160,20,11,3200,3900,5400,#music #concert #live #entertainment
post_071,2025-03-13 13:20,130,15,10,2800,3500,4900,#nature #outdoor #peaceful #hiking
post_072,2025-03-14 17:00,150,18,12,3000,3700,5100,#work #office #productivity #business
post_073,2025-03-15 10:15,110,12,7,2600,3200,4600,#breakfast #healthy #start #nutrition
post_074,2025-03-16 19:30,190,27,14,3400,4100,5400,#movie #entertainment #weekend #cinema
post_075,2025-03-17 15:40,175,22,13,3200,3900,5200,#sports #football #team #athlete
post_076,2025-03-18 08:15,45,4,2,2400,2900,4400,#morning #routine #energy #motivation
post_077,2025-03-19 22:45,210,32,18,3600,4300,5600,#nightlife #dancing #fun #club
post_078,2025-03-20 12:30,120,14,8,2700,3400,4800,#lunch #business #meeting #networking
post_079,2025-03-21 16:50,90,9,7,2900,3600,5000,#afternoon #tea #relax #cozy
post_080,2025-03-22 19:40,205,30,16,3400,4100,5500,#evening #sunset #beautiful #goldenhour
post_081,2025-03-23 11:45,145,19,10,2900,3600,5000,#brunch #weekend #friends #social
post_082,2025-03-24 14:35,80,7,5,2500,3100,4600,#coffee #work #focus #productivity
post_083,2025-03-25 18:50,185,25,14,3200,3900,5300,#dinner #date #romantic #couple
post_084,2025-03-26 09:25,100,8,6,2700,3300,4700,#morning #exercise #health #fitness
post_085,2025-03-27 21:30,250,42,28,4000,4700,6000,#night #party #celebration #birthday
post_086,2025-03-28 13:15,125,16,9,2600,3200,4900,#lunch #family #together #weekend
post_087,2025-03-29 17:45,155,20,11,3000,3700,5100,#afternoon #shopping #fashion #retail
post_088,2025-03-30 20:20,115,14,8,3100,3800,5200,#evening #movie #entertainment #cinema
post_089,2025-03-31 10:35,135,16,9,2800,3500,4800,#morning #coffee #start #cafe
post_090,2025-04-01 15:35,145,18,10,2700,3400,5000,#afternoon #reading #quiet #book
